Trecho;TRECHO D ESTACA;UTM E;UTM N
D2;55;352584,444;7793169,442
D2;60;352610,3231;7793072,898
D2;65;352636,3941;7792976,377
D2;70;352662,4559;7792879,85
D2;75;352685,3332;7792782,418
D2;80;352699,0165;7792683,285
D2;85;352710,1295;7792583,923
D2;90;352721,3904;7792484,606
D2;95;352738,1796;7792386,213
D2;100;352760,1657;7792288,685
D2;105;352779,7809;7792190,6
D2;110;352796,3218;7792091,95
D2;115;352809,7724;7791992,831
D2;120;352820,1194;7791893,34
D2;125;352827,3528;7791793,575
D2;130;352831,7424;7791693,663
D2;135;352833,8311;7791593,611
D2;140;352822,3023;7791494,141
D2;145;352794,9492;7791397,814
D2;150;352752,4818;7791307,13
D2;155;352696,6035;7791224,078
D2;160;352643,9935;7791139,857
D2;165;352624,7696;7791043,082
D2;170;352644,3893;7790946,261
D2;175;352682,2704;7790853,778
D2;180;352720,363;7790761,339
D2;185;352758,2584;7790668,777
D2;190;352778,4689;7790570,849
D2;195;352760,9829;7790472,405
D2;200;352723,4083;7790379,689
D2;205;352685,4248;7790287,205
D2;210;352643,7192;7790196,195
D2;215;352582,2389;7790117,173
D2;220;352502,3192;7790056,865
D2;225;352411,1232;7790015,574
D2;230;352318,8468;7789977,088
D2;235;352228,4954;7789935,184
D2;240;352156,8617;7789867,335
D2;245;352117,2929;7789776,943
D2;250;352102,7722;7789678,187
D2;255;352089,609;7789579,077
D2;260;352076,4459;7789479,967
D2;265;352063,2827;7789380,857
D2;270;352052,5009;7789281,721
D2;275;352072,119;7789184,978
D2;280;352108,7514;7789091,906
D2;285;352122,0242;7788992,88
D2;290;352095,9779;7788896,305
D2;295;352064,8674;7788801,681
D2;300;352057,9138;7788702,438
D2;305;352056,6516;7788602,466
D2;310;352054,9175;7788502,458
D2;315;352047,1255;7788402,707
D2;320;352040,6607;7788303,221
D2;325;352057,6611;7788205,465
D2;330;352087,2012;7788109,911
D2;335;352110,3571;7788012,551
D2;340;352126,388;7787914,412
D2;345;352138,8202;7787814,562
D2;350;352150,8612;7787715,303
D2;355;352162,7321;7787616,03
D2;360;352174,6029;7787516,757
D2;365;352186,4737;7787417,484
D2;370;352200,612;7787318,828
D2;375;352246,0249;7787231,434
D2;380;352324,0245;7787171,298
D2;385;352420,8393;7787142,133
D2;390;352515,7642;7787116,212
D2;395;352611,988;7787088,69
D2;400;352699,8532;7787040,783
D2;405;352768,3743;7786967,841
D2;410;352810,7075;7786877,161
D2;415;352833,2982;7786779,676
D2;420;352857,3646;7786682,797
D2;425;352893,2248;7786589,81
D2;430;352941,9266;7786502,845
D2;435;352996,5656;7786420,048
D2;440;353053,7032;7786336,993
D2;445;353096,9553;7786246,677
D2;450;353125,3147;7786150,676
D2;455;353149,7222;7786053,72
D2;460;353174,2591;7785956,81
D2;465;353200,3402;7785860,327
D2;470;353227,8518;7785764,216
D2;475;353256,024;7785668,357
D2;480;353295,4884;7785576,971
D2;485;353350,9585;7785494,319
D2;490;353417,9775;7785420,304
D2;495;353486,228;7785347,243
D2;500;353554,4786;7785274,182
D2;505;353621,6496;7785200,014
D2;510;353679,2562;7785118,111
D2;515;353723,6317;7785028,348
D2;520;353753,7278;7784932,845
D2;525;353769,0584;7784833,908
D2;530;353777,3174;7784734,253
D2;535;353787,3515;7784634,912
D2;540;353809,8184;7784537,848
D2;545;353846,8941;7784445,373
D2;550;353897,606;7784359,583
C1;2105;352241,917;7802207,502
C1;2110;352171,06;7802138,909
C1;1340;352741,334;7797859,729
C1;1345;352741,307;7797759,77
C1;2115;352123,223;7802051,388
C1;2130;351979,257;7801788,188
C1;2135;351926,758;7801703,101
C1;2120;352077,295;7801962,564
C1;2125;352029,843;7801874,507
C1;1305;352617,776;7798544,607
C1;1310;352647,09;7798448,917
C1;1295;352548,674;7798732,307
C1;1300;352583,575;7798638,6
C1;1315;352672,746;7798348,486
C1;1330;352738,813;7798059,757
C1;1335;352740,874;7797959,723
C1;1320;352697,612;7798255,417
C1;1325;352722,624;7798158,592
C1;2140;351874,219;7801618,02
C1;2200;351847,901;7800523,273
C1;2205;351883,047;7800429,681
C1;2190;351777,602;7800710,478
C1;2195;351812,748;7800616,886
C1;2210;351918,201;7800336,069
C1;2225;352023,646;7800055,273
C1;2230;352058,8;7799961,661
C1;2215;351953,346;7800242,477
C1;2220;351988,5;7800148,865
C1;2155;351716,628;7801362,813
C1;2160;351664,655;7801277,503
C1;2145;351821,692;7801532,958
C1;2150;351769,155;7801447,876
C1;2165;351633,044;7801183,947
C1;2180;351707,303;7800897,682
C1;2185;351742,448;7800804,09
C1;2170;351638,956;7801085,384
C1;2175;351672,149;7800991,295
C1;1290;352513,782;7798825,994
C1;1160;351690,565;7801255,258
C1;1165;351671,153;7801158,277
C1;1150;351773,14;7801436,422
C1;1155;351726,164;7801348,528
C1;1170;351684,806;7801059,752
C1;1185;351768,437;7800772,711
C1;1190;351803,59;7800679,098
C1;1175;351704,794;7800958,555
C1;1180;351733,369;7800866,319
C1;1115;352127,738;7802039,635
C1;1120;352081,803;7801950,808
C1;1105;352247,271;7802200,463
C1;1110;352174,878;7802127,616
C1;1125;352034,093;7801862,892
C1;1140;351875,498;7801603,251
C1;1145;351825,678;7801521,504
C1;1130;351983,265;7801776,715
C1;1135;351930,743;7801691,647
C1;1195;351838,736;7800585,506
C1;1255;352219,33;7799450,521
C1;1260;352238,635;7799352,786
C1;1245;352184,145;7799651,264
C1;1250;352203,204;7799549,185
C1;1265;352288,183;7799267,451
C1;1280;352444,973;7799009,919
C1;1285;352478,883;7798919,701
C1;1270;352352,492;7799190,769
C1;1275;352405,49;7799105,802
C1;1210;351944,864;7800301,487
C1;1215;351979,335;7800211,098
C1;1200;351873,89;7800491,894
C1;1205;351909,035;7800398,302
C1;1220;352014,488;7800117,485
C1;1235;352119,935;7799836,689
C1;1240;352155,087;7799743,073
C1;1225;352049,634;7800023,893
C1;1230;352084,789;7799930,281
C1;2235;352093,946;7799868,069
C1;1105;352247,264;7802200,475
C1;2000;354167,286;7802950,719
C1;1095;352427,96;7802273,926
C1;1100;352335,857;7802235,075
C1;2005;354075,781;7802910,621
C1;2060;353039,203;7802557,963
C1;2065;352942,536;7802532,736
C1;2010;353984,256;7802870,514
C1;2015;353892,751;7802830,416
C1;1060;353041,745;7802548,908
C1;1065;352945,077;7802523,682
C1;1050;353235,101;7802599,367
C1;1055;353138,434;7802574,14
C1;1070;352844,751;7802498,252
C1;1085;352564,038;7802419,199
C1;1090;352498,848;7802344,364
C1;1075;352750,726;7802476,812
C1;1080;352651,999;7802463,331
C1;2070;352842,16;7802507,108
C1;2025;353708,415;7802753,013
C1;2030;353611,392;7802728,481
C1;1070;352851,463;7802500,278
C1;2020;353801,226;7802790,309
C1;2035;353513,019;7802711,448
C1;2050;353232,56;7802608,421
C1;2055;353135,892;7802583,195
C1;2040;353419,933;7802677,143
C1;2045;353328,648;7802636,229
C1;2085;352559,813;7802432,397
C1;2090;352493,208;7802359,036
C1;2075;352748,166;7802485,944
C1;2080;352649,211;7802473,538
C1;2095;352424,646;7802286,276
C1;1035;353529,913;7802677,12
C1;2070;352849,269;7802509,223
C1;2100;352333,596;7802245,085
C1;2105;352241,911;7802207,507
C1;1045;353331,79;7802624,599
C1;2295;352522,811;7798763,648
C1;2300;352557,712;7798669,941
C1;2285;352453,02;7798951,042
C1;2290;352487,92;7798857,335
C1;2305;352592,528;7798576,205
C1;2320;352675,413;7798287,905
C1;2325;352700,599;7798191,156
C1;2310;352623,884;7798481,169
C1;2315;352650,222;7798384,675
C1;2250;352183,991;7799582,375
C1;2255;352200,383;7799483,755
C1;2240;352129,098;7799774,456
C1;2245;352162,818;7799680,235
C1;2260;352217,078;7799385,227
C1;2275;352374,19;7799134,76
C1;2280;352417,979;7799044,695
C1;2265;352252,208;7799292,954
C1;2270;352314,875;7799215,429
C1;2330;352723,64;7798093,728
C1;1010;353988,135;7802861,938
C1;1015;353896,63;7802821,839
C1;1000;354171,165;7802942,143
C1;1005;354079,66;7802902,044
C1;1020;353805,105;7802781,732
C1;1035;353521,343;7802674,71
C1;1040;353428,458;7802649,825
C1;1025;353713,6;7802741,634
C1;1030;353620,746;7802704,44
C1;2345;352732,228;7797793,939
C1;1175;351703,159;7800965,365
C1;2335;352731,293;7797993,909
C1;2340;352731,768;7797893,911
C1;1210;351942,05;7800308,424
C1;1105;352240,826;7802196,336
C1;1140;351879,971;7801610,915
C1;1245;352185,898;7799643,381
C1;1315;352670,923;7798355,727
CONTORNO DE IBIRAÇU;0;356912,625;7808428,082
CONTORNO DE IBIRAÇU;5;356789,341;7808254,499
CONTORNO DE IBIRAÇU;10;356813,633;7808255,102
CONTORNO DE IBIRAÇU;15;356754,499;7808174,756
CONTORNO DE IBIRAÇU;20;356668,037;7808124,839
CONTORNO DE IBIRAÇU;25;356568,586;7808116,276
CONTORNO DE IBIRAÇU;30;356473,05;7808145,729
CONTORNO DE IBIRAÇU;35;356378,5;7808176,548
CONTORNO DE IBIRAÇU;40;356279,786;7808170,126
CONTORNO DE IBIRAÇU;45;356182,354;7808147,687
CONTORNO DE IBIRAÇU;50;356084,838;7808125,053
CONTORNO DE IBIRAÇU;55;355992,3;7808089,635
CONTORNO DE IBIRAÇU;60;355913,152;7808029,006
CONTORNO DE IBIRAÇU;65;355835,409;7807965,894
CONTORNO DE IBIRAÇU;70;355757,81;7807903,022
CONTORNO DE IBIRAÇU;75;355680,143;7807839,829
CONTORNO DE IBIRAÇU;80;355602,692;7807777,009
CONTORNO DE IBIRAÇU;85;355524,814;7807714,041
CONTORNO DE IBIRAÇU;90;355450,235;7807647,939
CONTORNO DE IBIRAÇU;95;355396,582;7807564,063
CONTORNO DE IBIRAÇU;100;355348,138;7807477,533
CONTORNO DE IBIRAÇU;105;355302,158;7807388,946
CONTORNO DE IBIRAÇU;110;355287,504;7807291,641
CONTORNO DE IBIRAÇU;115;355315,232;7807196,878
CONTORNO DE IBIRAÇU;120;355380,275;7807122,561
CONTORNO DE IBIRAÇU;125;355460,832;7807063,336
CONTORNO DE IBIRAÇU;130;355536,556;7806997,119
CONTORNO DE IBIRAÇU;135;355573,687;7806903,913
CONTORNO DE IBIRAÇU;140;355574,342;7806803,178
CONTORNO DE IBIRAÇU;145;355537,661;7806709,638
CONTORNO DE IBIRAÇU;150;355501,364;7806616,526
CONTORNO DE IBIRAÇU;155;355465,297;7806523,037
CONTORNO DE FUNDÃO;0;352769,461;7797490,738
CONTORNO DE FUNDÃO;5;352797,484;7797396,279
CONTORNO DE FUNDÃO;10;352827,894;7797301,668
CONTORNO DE FUNDÃO;15;352858,534;7797206,791
CONTORNO DE FUNDÃO;20;352889,203;7797111,299
CONTORNO DE FUNDÃO;25;352923,559;7797017,85
CONTORNO DE FUNDÃO;30;352975,444;7796933,327
CONTORNO DE FUNDÃO;35;353053,294;7796872,825
CONTORNO DE FUNDÃO;40;353149,003;7796848,956
CONTORNO DE FUNDÃO;45;353246,485;7796864,922
CONTORNO DE FUNDÃO;50;353335,779;7796908,701
CONTORNO DE FUNDÃO;55;353419,501;7796963,231
CONTORNO DE FUNDÃO;60;353502,774;7797018,628
CONTORNO DE FUNDÃO;65;353586,025;7797074,01
CONTORNO DE FUNDÃO;70;353669,294;7797129,39
CONTORNO DE FUNDÃO;75;353756,424;7797178,784
CONTORNO DE FUNDÃO;80;353854,435;7797198,461
CONTORNO DE FUNDÃO;85;353951,629;7797175,254
CONTORNO DE FUNDÃO;90;354031,376;7797114,83
CONTORNO DE FUNDÃO;95;354096,311;7797038,662
CONTORNO DE FUNDÃO;100;354159,102;7796961,942
CONTORNO DE FUNDÃO;105;354222,43;7796884,564
CONTORNO DE FUNDÃO;110;354290,068;7796811,498
CONTORNO DE FUNDÃO;115;354370,171;7796751,969
CONTORNO DE FUNDÃO;120;354449,639;7796690,999
CONTORNO DE FUNDÃO;125;354511,287;7796612,158
CONTORNO DE FUNDÃO;135;354572,538;7796421,786
CONTORNO DE FUNDÃO;140;354597,207;7796324,883
CONTORNO DE FUNDÃO;145;354609,471;7796225,34
CONTORNO DE FUNDÃO;150;354602,277;7796125,394
CONTORNO DE FUNDÃO;155;354578,014;7796028,324
CONTORNO DE FUNDÃO;160;354550,133;7795932,255
CONTORNO DE FUNDÃO;165;354538,755;7795833,717
CONTORNO DE FUNDÃO;170;354544,017;7795733,826
CONTORNO DE FUNDÃO;175;354548,09;7795634,054
CONTORNO DE FUNDÃO;180;354544,237;7795533,667
CONTORNO DE FUNDÃO;185;354528,292;7795435,238
CONTORNO DE FUNDÃO;190;354500,716;7795338,759
CONTORNO DE FUNDÃO;195;354468,248;7795244,039
CONTORNO DE FUNDÃO;200;354435,703;7795149,355
CONTORNO DE FUNDÃO;205;354402,611;7795054,6
CONTORNO DE FUNDÃO;210;354370,953;7794960,145
CONTORNO DE FUNDÃO;215;354359,779;7794862,319
CONTORNO DE FUNDÃO;220;354388,223;7794767,677
CONTORNO DE FUNDÃO;225;354429,794;7794676,667
CONTORNO DE FUNDÃO;230;354452,611;7794579,022
CONTORNO DE FUNDÃO;235;354432,839;7794481,146
CONTORNO DE FUNDÃO;240;354373,843;7794400,375
CONTORNO DE FUNDÃO;245;354288,962;7794347,963
CONTORNO DE FUNDÃO;250;354198,915;7794304,554
CONTORNO DE FUNDÃO;255;354108,608;7794260,85
CONTORNO DE FUNDÃO;260;354018,433;7794216,91
CONTORNO DE FUNDÃO;265;353928,479;7794173,535
CONTORNO DE FUNDÃO;270;353838,899;7794130,552
CONTORNO DE FUNDÃO;275;353748,341;7794086,961
CONTORNO DE FUNDÃO;280;353658,567;7794043,08
CONTORNO DE FUNDÃO;285;353569,397;7793997,653
CONTORNO DE FUNDÃO;290;353487,263;7793941,297
CONTORNO DE FUNDÃO;295;353415,392;7793872,296
CONTORNO DE FUNDÃO;300;353348,831;7793798,182
CONTORNO DE FUNDÃO;305;353280,588;7793724,451
CONTORNO DE FUNDÃO;310;353201,2;7793663,92
CONTORNO DE FUNDÃO;315;353107,531;7793628,067
CONTORNO DE FUNDÃO;320;353007,738;7793619,1
CONTORNO DE FUNDÃO;325;352907,973;7793622,88
CONTORNO DE FUNDÃO;330;352808,475;7793618,709
CONTORNO DE FUNDÃO;335;352714,895;7793587,213
CONTORNO DE FUNDÃO;340;352636,625;7793526,462
CONTORNO DE FUNDÃO;345;352582,745;7793443,264
CONTORNO DE FUNDÃO;350;352559,086;7793346,55
CONTORNO DE FUNDÃO;355;352566,219;7793247,727
CONTORNO DE FUNDÃO;360;352589,53;7793150,674
PÁTIO DE VIGAS;0;352183,3995;7793830,463
CANTEIRO INDUSTRIAL;0;355853,366;7817733,7
