Trecho;TRECHO D ESTACA;TRECHO D km;KM  resumido
D2;57;231900;231
D2;58;231920;231
D2;59;231940;231
D2;60;231960;231
D2;61;231980;231
D2;62;232000;232
D2;63;232020;232
D2;64;232040;232
D2;65;232060;232
D2;66;232080;232
D2;67;232100;232
D2;68;232120;232
D2;69;232140;232
D2;70;232160;232
D2;71;232180;232
D2;72;232200;232
D2;73;232220;232
D2;74;232240;232
D2;75;232260;232
D2;76;232280;232
D2;77;232300;232
D2;78;232320;232
D2;79;232340;232
D2;80;232360;232
D2;81;232380;232
D2;82;232400;232
D2;83;232420;232
D2;84;232440;232
D2;85;232460;232
D2;86;232480;232
D2;87;232500;232
D2;88;232520;232
D2;89;232540;232
D2;90;232560;232
D2;91;232580;232
D2;92;232600;232
D2;93;232620;232
D2;94;232640;232
D2;95;232660;232
D2;96;232680;232
D2;97;232700;232
D2;98;232720;232
D2;99;232740;232
D2;100;232760;232
D2;101;232780;232
D2;102;232800;232
D2;103;232820;232
D2;104;232840;232
D2;105;232860;232
D2;106;232880;232
D2;107;232900;232
D2;108;232920;232
D2;109;232940;232
D2;110;232960;232
D2;111;232980;232
D2;112;233000;233
D2;113;233020;233
D2;114;233040;233
D2;115;233060;233
D2;116;233080;233
D2;117;233100;233
D2;118;233120;233
D2;119;233140;233
D2;120;233160;233
D2;121;233180;233
D2;122;233200;233
D2;123;233220;233
D2;124;233240;233
D2;125;233260;233
D2;126;233280;233
D2;127;233300;233
D2;128;233320;233
D2;129;233340;233
D2;130;233360;233
D2;131;233380;233
D2;132;233400;233
D2;133;233420;233
D2;134;233440;233
D2;135;233460;233
D2;136;233480;233
D2;137;233500;233
D2;138;233520;233
D2;139;233540;233
D2;140;233560;233
D2;141;233580;233
D2;142;233600;233
D2;143;233620;233
D2;144;233640;233
D2;145;233660;233
D2;146;233680;233
D2;147;233700;233
D2;148;233720;233
D2;149;233740;233
D2;150;233760;233
D2;151;233780;233
D2;152;233800;233
D2;153;233820;233
D2;154;233840;233
D2;155;233860;233
D2;156;233880;233
D2;157;233900;233
D2;158;233920;233
D2;159;233940;233
D2;160;233960;233
D2;161;233980;233
D2;162;234000;234
D2;163;234020;234
D2;164;234040;234
D2;165;234060;234
D2;166;234080;234
D2;167;234100;234
D2;168;234120;234
D2;169;234140;234
D2;170;234160;234
D2;171;234180;234
D2;172;234200;234
D2;173;234220;234
D2;174;234240;234
D2;175;234260;234
D2;176;234280;234
D2;177;234300;234
D2;178;234320;234
D2;179;234340;234
D2;180;234360;234
D2;181;234380;234
D2;182;234400;234
D2;183;234420;234
D2;184;234440;234
D2;185;234460;234
D2;186;234480;234
D2;187;234500;234
D2;188;234520;234
D2;189;234540;234
D2;190;234560;234
D2;191;234580;234
D2;192;234600;234
D2;193;234620;234
D2;194;234640;234
D2;195;234660;234
D2;196;234680;234
D2;197;234700;234
D2;198;234720;234
D2;199;234740;234
D2;200;234760;234
D2;201;234780;234
D2;202;234800;234
D2;203;234820;234
D2;204;234840;234
D2;205;234860;234
D2;206;234880;234
D2;207;234900;234
D2;208;234920;234
D2;209;234940;234
D2;210;234960;234
D2;211;234980;234
D2;212;235000;235
D2;213;235020;235
D2;214;235040;235
D2;215;235060;235
D2;216;235080;235
D2;217;235100;235
D2;218;235120;235
D2;219;235140;235
D2;220;235160;235
D2;221;235180;235
D2;222;235200;235
D2;223;235220;235
D2;224;235240;235
D2;225;235260;235
D2;226;235280;235
D2;227;235300;235
D2;228;235320;235
D2;229;235340;235
D2;230;235360;235
D2;231;235380;235
D2;232;235400;235
D2;233;235420;235
D2;234;235440;235
D2;235;235460;235
D2;236;235480;235
D2;237;235500;235
D2;238;235520;235
D2;239;235540;235
D2;240;235560;235
D2;241;235580;235
D2;242;235600;235
D2;243;235620;235
D2;244;235640;235
D2;245;235660;235
D2;246;235680;235
D2;247;235700;235
D2;248;235720;235
D2;249;235740;235
D2;250;235760;235
D2;251;235780;235
D2;252;235800;235
D2;253;235820;235
D2;254;235840;235
D2;255;235860;235
D2;256;235880;235
D2;257;235900;235
D2;258;235920;235
D2;259;235940;235
D2;260;235960;235
D2;261;235980;235
D2;262;236000;236
D2;263;236020;236
D2;264;236040;236
D2;265;236060;236
D2;266;236080;236
D2;267;236100;236
D2;268;236120;236
D2;269;236140;236
D2;270;236160;236
D2;271;236180;236
D2;272;236200;236
D2;273;236220;236
D2;274;236240;236
D2;275;236260;236
D2;276;236280;236
D2;277;236300;236
D2;278;236320;236
D2;279;236340;236
D2;280;236360;236
D2;281;236380;236
D2;282;236400;236
D2;283;236420;236
D2;284;236440;236
D2;285;236460;236
D2;286;236480;236
D2;287;236500;236
D2;288;236520;236
D2;289;236540;236
D2;290;236560;236
D2;291;236580;236
D2;292;236600;236
D2;293;236620;236
D2;294;236640;236
D2;295;236660;236
D2;296;236680;236
D2;297;236700;236
D2;298;236720;236
D2;299;236740;236
D2;300;236760;236
D2;301;236780;236
D2;302;236800;236
D2;303;236820;236
D2;304;236840;236
D2;305;236860;236
D2;306;236880;236
D2;307;236900;236
D2;308;236920;236
D2;309;236940;236
D2;310;236960;236
D2;311;236980;236
D2;312;237000;237
D2;313;237020;237
D2;314;237040;237
D2;315;237060;237
D2;316;237080;237
D2;317;237100;237
D2;318;237120;237
D2;319;237140;237
D2;320;237160;237
D2;321;237180;237
D2;322;237200;237
D2;323;237220;237
D2;324;237240;237
D2;325;237260;237
D2;326;237280;237
D2;327;237300;237
D2;328;237320;237
D2;329;237340;237
D2;330;237360;237
D2;331;237380;237
D2;332;237400;237
D2;333;237420;237
D2;334;237440;237
D2;335;237460;237
D2;336;237480;237
D2;337;237500;237
D2;338;237520;237
D2;339;237540;237
D2;340;237560;237
D2;341;237580;237
D2;342;237600;237
D2;343;237620;237
D2;344;237640;237
D2;345;237660;237
D2;346;237680;237
D2;347;237700;237
D2;348;237720;237
D2;349;237740;237
D2;350;237760;237
D2;351;237780;237
D2;352;237800;237
D2;353;237820;237
D2;354;237840;237
D2;355;237860;237
D2;356;237880;237
D2;357;237900;237
D2;358;237920;237
D2;359;237940;237
D2;360;237960;237
D2;361;237980;237
D2;362;238000;238
D2;363;238020;238
D2;364;238040;238
D2;365;238060;238
D2;366;238080;238
D2;367;238100;238
D2;368;238120;238
D2;369;238140;238
D2;370;238160;238
D2;371;238180;238
D2;372;238200;238
D2;373;238220;238
D2;374;238240;238
D2;375;238260;238
D2;376;238280;238
D2;377;238300;238
D2;378;238320;238
D2;379;238340;238
D2;380;238360;238
D2;381;238380;238
D2;382;238400;238
D2;383;238420;238
D2;384;238440;238
D2;385;238460;238
D2;386;238480;238
D2;387;238500;238
D2;388;238520;238
D2;389;238540;238
D2;390;238560;238
D2;391;238580;238
D2;392;238600;238
D2;393;238620;238
D2;394;238640;238
D2;395;238660;238
D2;396;238680;238
D2;397;238700;238
D2;398;238720;238
D2;399;238740;238
D2;400;238760;238
D2;401;238780;238
D2;402;238800;238
D2;403;238820;238
D2;404;238840;238
D2;405;238860;238
D2;406;238880;238
D2;407;238900;238
D2;408;238920;238
D2;409;238940;238
D2;410;238960;238
D2;411;238980;238
D2;412;239000;239
D2;413;239020;239
D2;414;239040;239
D2;415;239060;239
D2;416;239080;239
D2;417;239100;239
D2;418;239120;239
D2;419;239140;239
D2;420;239160;239
D2;421;239180;239
D2;422;239200;239
D2;423;239220;239
D2;424;239240;239
D2;425;239260;239
D2;426;239280;239
D2;427;239300;239
D2;428;239320;239
D2;429;239340;239
D2;430;239360;239
D2;431;239380;239
D2;432;239400;239
D2;433;239420;239
D2;434;239440;239
D2;435;239460;239
D2;436;239480;239
D2;437;239500;239
D2;438;239520;239
D2;439;239540;239
D2;440;239560;239
D2;441;239580;239
D2;442;239600;239
D2;443;239620;239
D2;444;239640;239
D2;445;239660;239
D2;446;239680;239
D2;447;239700;239
D2;448;239720;239
D2;449;239740;239
D2;450;239760;239
D2;451;239780;239
D2;452;239800;239
D2;453;239820;239
D2;454;239840;239
D2;455;239860;239
D2;456;239880;239
D2;457;239900;239
D2;458;239920;239
D2;459;239940;239
D2;460;239960;239
D2;461;239980;239
D2;462;240000;240
D2;463;240020;240
D2;464;240040;240
D2;465;240060;240
D2;466;240080;240
D2;467;240100;240
D2;468;240120;240
D2;469;240140;240
D2;470;240160;240
D2;471;240180;240
D2;472;240200;240
D2;473;240220;240
D2;474;240240;240
D2;475;240260;240
D2;476;240280;240
D2;477;240300;240
D2;478;240320;240
D2;479;240340;240
D2;480;240360;240
D2;481;240380;240
D2;482;240400;240
D2;483;240420;240
D2;484;240440;240
D2;485;240460;240
D2;486;240480;240
D2;487;240500;240
D2;488;240520;240
D2;489;240540;240
D2;490;240560;240
D2;491;240580;240
D2;492;240600;240
D2;493;240620;240
D2;494;240640;240
D2;495;240660;240
D2;496;240680;240
D2;497;240700;240
D2;498;240720;240
D2;499;240740;240
D2;500;240760;240
D2;501;240780;240
D2;502;240800;240
D2;503;240820;240
D2;504;240840;240
D2;505;240860;240
D2;506;240880;240
D2;507;240900;240
D2;508;240920;240
D2;509;240940;240
D2;510;240960;240
D2;511;240980;240
D2;512;241000;241
D2;513;241020;241
D2;514;241040;241
D2;515;241060;241
D2;516;241080;241
D2;517;241100;241
D2;518;241120;241
D2;519;241140;241
D2;520;241160;241
D2;521;241180;241
D2;522;241200;241
D2;523;241220;241
D2;524;241240;241
D2;525;241260;241
D2;526;241280;241
D2;527;241300;241
D2;528;241320;241
D2;529;241340;241
D2;530;241360;241
D2;531;241380;241
D2;532;241400;241
D2;533;241420;241
D2;534;241440;241
D2;535;241460;241
D2;536;241480;241
D2;537;241500;241
D2;538;241520;241
D2;539;241540;241
D2;540;241560;241
D2;541;241580;241
D2;542;241600;241
C1;1000;220100;220
C1;1001;220120;220
C1;1002;220140;220
C1;1003;220160;220
C1;1004;220180;220
C1;1005;220200;220
C1;1006;220220;220
C1;1007;220240;220
C1;1008;220260;220
C1;1009;220280;220
C1;1010;220300;220
C1;1011;220320;220
C1;1012;220340;220
C1;1013;220360;220
C1;1014;220380;220
C1;1015;220400;220
C1;1016;220420;220
C1;1017;220440;220
C1;1018;220460;220
C1;1019;220480;220
C1;1020;220500;220
C1;1021;220520;220
C1;1022;220540;220
C1;1023;220560;220
C1;1024;220580;220
C1;1025;220600;220
C1;1026;220620;220
C1;1027;220640;220
C1;1028;220660;220
C1;1029;220680;220
C1;1030;220700;220
C1;1031;220720;220
C1;1032;220740;220
C1;1033;220760;220
C1;1034;220780;220
C1;1035;220800;220
C1;1036;220820;220
C1;1037;220840;220
C1;1038;220860;220
C1;1039;220880;220
C1;1040;220900;220
C1;1041;220920;220
C1;1042;220940;220
C1;1043;220960;220
C1;1044;220980;220
C1;1045;221000;221
C1;1046;221020;221
C1;1047;221040;221
C1;1048;221060;221
C1;1049;221080;221
C1;1050;221100;221
C1;1051;221120;221
C1;1052;221140;221
C1;1053;221160;221
C1;1054;221180;221
C1;1055;221200;221
C1;1056;221220;221
C1;1057;221240;221
C1;1058;221260;221
C1;1059;221280;221
C1;1060;221300;221
C1;1061;221320;221
C1;1062;221340;221
C1;1063;221360;221
C1;1064;221380;221
C1;1065;221400;221
C1;1066;221420;221
C1;1067;221440;221
C1;1068;221460;221
C1;1069;221480;221
C1;1070;221500;221
C1;1071;221520;221
C1;1072;221540;221
C1;1073;221560;221
C1;1074;221580;221
C1;1075;221600;221
C1;1076;221620;221
C1;1077;221640;221
C1;1078;221660;221
C1;1079;221680;221
C1;1080;221700;221
C1;1081;221720;221
C1;1082;221740;221
C1;1083;221760;221
C1;1084;221780;221
C1;1085;221800;221
C1;1086;221820;221
C1;1087;221840;221
C1;1088;221860;221
C1;1089;221880;221
C1;1090;221900;221
C1;1091;221920;221
C1;1092;221940;221
C1;1093;221960;221
C1;1094;221980;221
C1;1095;222000;222
C1;1096;222020;222
C1;1097;222040;222
C1;1098;222060;222
C1;1099;222080;222
C1;1100;222100;222
C1;1101;222120;222
C1;1102;222140;222
C1;1103;222160;222
C1;1104;222180;222
C1;1105;222200;222
C1;1106;222220;222
C1;1107;222240;222
C1;1108;222260;222
C1;1109;222280;222
C1;1110;222300;222
C1;1111;222320;222
C1;1112;222340;222
C1;1113;222360;222
C1;1114;222380;222
C1;1115;222400;222
C1;1116;222420;222
C1;1117;222440;222
C1;1118;222460;222
C1;1119;222480;222
C1;1120;222500;222
C1;1121;222520;222
C1;1122;222540;222
C1;1123;222560;222
C1;1124;222580;222
C1;1125;222600;222
C1;1126;222620;222
C1;1127;222640;222
C1;1128;222660;222
C1;1129;222680;222
C1;1130;222700;222
C1;1131;222720;222
C1;1132;222740;222
C1;1133;222760;222
C1;1134;222780;222
C1;1135;222800;222
C1;1136;222820;222
C1;1137;222840;222
C1;1138;222860;222
C1;1139;222880;222
C1;1140;222900;222
C1;1141;222920;222
C1;1142;222940;222
C1;1143;222960;222
C1;1144;222980;222
C1;1145;223000;223
C1;1146;223020;223
C1;1147;223040;223
C1;1148;223060;223
C1;1149;223080;223
C1;1150;223100;223
C1;1151;223120;223
C1;1152;223140;223
C1;1153;223160;223
C1;1154;223180;223
C1;1155;223200;223
C1;1156;223220;223
C1;1157;223240;223
C1;1158;223260;223
C1;1159;223280;223
C1;1160;223300;223
C1;1161;223320;223
C1;1162;223340;223
C1;1163;223360;223
C1;1164;223380;223
C1;1165;223400;223
C1;1166;223420;223
C1;1167;223440;223
C1;1168;223460;223
C1;1169;223480;223
C1;1170;223500;223
C1;1171;223520;223
C1;1172;223540;223
C1;1173;223560;223
C1;1174;223580;223
C1;1175;223600;223
C1;1176;223620;223
C1;1177;223640;223
C1;1178;223660;223
C1;1179;223680;223
C1;1180;223700;223
C1;1181;223720;223
C1;1182;223740;223
C1;1183;223760;223
C1;1184;223780;223
C1;1185;223800;223
C1;1186;223820;223
C1;1187;223840;223
C1;1188;223860;223
C1;1189;223880;223
C1;1190;223900;223
C1;1191;223920;223
C1;1192;223940;223
C1;1193;223960;223
C1;1194;223980;223
C1;1195;224000;224
C1;1196;224020;224
C1;1197;224040;224
C1;1198;224060;224
C1;1199;224080;224
C1;1200;224100;224
C1;1201;224120;224
C1;1202;224140;224
C1;1203;224160;224
C1;1204;224180;224
C1;1205;224200;224
C1;1206;224220;224
C1;1207;224240;224
C1;1208;224260;224
C1;1209;224280;224
C1;1210;224300;224
C1;1211;224320;224
C1;1212;224340;224
C1;1213;224360;224
C1;1214;224380;224
C1;1215;224400;224
C1;1216;224420;224
C1;1217;224440;224
C1;1218;224460;224
C1;1219;224480;224
C1;1220;224500;224
C1;1221;224520;224
C1;1222;224540;224
C1;1223;224560;224
C1;1224;224580;224
C1;1225;224600;224
C1;1226;224620;224
C1;1227;224640;224
C1;1228;224660;224
C1;1229;224680;224
C1;1230;224700;224
C1;1231;224720;224
C1;1232;224740;224
C1;1233;224760;224
C1;1234;224780;224
C1;1235;224800;224
C1;1236;224820;224
C1;1237;224840;224
C1;1238;224860;224
C1;1239;224880;224
C1;1240;224900;224
C1;1241;224920;224
C1;1242;224940;224
C1;1243;224960;224
C1;1244;224980;224
C1;1245;225000;225
C1;1246;225020;225
C1;1247;225040;225
C1;1248;225060;225
C1;1249;225080;225
C1;1250;225100;225
C1;1251;225120;225
C1;1252;225140;225
C1;1253;225160;225
C1;1254;225180;225
C1;1255;225200;225
C1;1256;225220;225
C1;1257;225240;225
C1;1258;225260;225
C1;1259;225280;225
C1;1260;225300;225
C1;1261;225320;225
C1;1262;225340;225
C1;1263;225360;225
C1;1264;225380;225
C1;1265;225400;225
C1;1266;225420;225
C1;1267;225440;225
C1;1268;225460;225
C1;1269;225480;225
C1;1270;225500;225
C1;1271;225520;225
C1;1272;225540;225
C1;1273;225560;225
C1;1274;225580;225
C1;1275;225600;225
C1;1276;225620;225
C1;1277;225640;225
C1;1278;225660;225
C1;1279;225680;225
C1;1280;225700;225
C1;1281;225720;225
C1;1282;225740;225
C1;1283;225760;225
C1;1284;225780;225
C1;1285;225800;225
C1;1286;225820;225
C1;1287;225840;225
C1;1288;225860;225
C1;1289;225880;225
C1;1290;225900;225
C1;1291;225920;225
C1;1292;225940;225
C1;1293;225960;225
C1;1294;225980;225
C1;1295;226000;226
C1;1296;226020;226
C1;1297;226040;226
C1;1298;226060;226
C1;1299;226080;226
C1;1300;226100;226
C1;1301;226120;226
C1;1302;226140;226
C1;1303;226160;226
C1;1304;226180;226
C1;1305;226200;226
C1;1306;226220;226
C1;1307;226240;226
C1;1308;226260;226
C1;1309;226280;226
C1;1310;226300;226
C1;1311;226320;226
C1;1312;226340;226
C1;1313;226360;226
C1;1314;226380;226
C1;1315;226400;226
C1;1316;226420;226
C1;1317;226440;226
C1;1318;226460;226
C1;1319;226480;226
C1;1320;226500;226
C1;1321;226520;226
C1;1322;226540;226
C1;1323;226560;226
C1;1324;226580;226
C1;1325;226600;226
C1;1326;226620;226
C1;1327;226640;226
C1;1328;226660;226
C1;1329;226680;226
C1;1330;226700;226
C1;1331;226720;226
C1;1332;226740;226
C1;1333;226760;226
C1;1334;226780;226
C1;1335;226800;226
C1;1336;226820;226
C1;1337;226840;226
C1;1338;226860;226
C1;1339;226880;226
C1;1340;226900;226
C1;1341;226920;226
C1;1342;226940;226
C1;1343;226960;226
C1;1344;226980;226
C1;1345;227000;227
CONTORNO DE IBIRAÇU;0;211980;212-215
CONTORNO DE IBIRAÇU;1;212000;212-215
CONTORNO DE IBIRAÇU;2;212020;212-215
CONTORNO DE IBIRAÇU;3;212040;212-215
CONTORNO DE IBIRAÇU;4;212060;212-215
CONTORNO DE IBIRAÇU;5;212080;212-215
CONTORNO DE IBIRAÇU;6;212100;212-215
CONTORNO DE IBIRAÇU;7;212120;212-215
CONTORNO DE IBIRAÇU;8;212140;212-215
CONTORNO DE IBIRAÇU;9;212160;212-215
CONTORNO DE IBIRAÇU;10;212180;212-215
CONTORNO DE IBIRAÇU;11;212200;212-215
CONTORNO DE IBIRAÇU;12;212220;212-215
CONTORNO DE IBIRAÇU;13;212240;212-215
CONTORNO DE IBIRAÇU;14;212260;212-215
CONTORNO DE IBIRAÇU;15;212280;212-215
CONTORNO DE IBIRAÇU;16;212300;212-215
CONTORNO DE IBIRAÇU;17;212320;212-215
CONTORNO DE IBIRAÇU;18;212340;212-215
CONTORNO DE IBIRAÇU;19;212360;212-215
CONTORNO DE IBIRAÇU;20;212380;212-215
CONTORNO DE IBIRAÇU;21;212400;OAE EST.21
CONTORNO DE IBIRAÇU;22;212420;212-215
CONTORNO DE IBIRAÇU;23;212440;212-215
CONTORNO DE IBIRAÇU;24;212460;212-215
CONTORNO DE IBIRAÇU;25;212480;212-215
CONTORNO DE IBIRAÇU;26;212500;212-215
CONTORNO DE IBIRAÇU;27;212520;212-215
CONTORNO DE IBIRAÇU;28;212540;212-215
CONTORNO DE IBIRAÇU;29;212560;212-215
CONTORNO DE IBIRAÇU;30;212580;212-215
CONTORNO DE IBIRAÇU;31;212600;212-215
CONTORNO DE IBIRAÇU;32;212620;212-215
CONTORNO DE IBIRAÇU;33;212640;212-215
CONTORNO DE IBIRAÇU;34;212660;212-215
CONTORNO DE IBIRAÇU;35;212680;212-215
CONTORNO DE IBIRAÇU;36;212700;212-215
CONTORNO DE IBIRAÇU;37;212720;212-215
CONTORNO DE IBIRAÇU;38;212740;212-215
CONTORNO DE IBIRAÇU;39;212760;212-215
CONTORNO DE IBIRAÇU;40;212780;212-215
CONTORNO DE IBIRAÇU;41;212800;212-215
CONTORNO DE IBIRAÇU;42;212820;212-215
CONTORNO DE IBIRAÇU;43;212840;212-215
CONTORNO DE IBIRAÇU;44;212860;212-215
CONTORNO DE IBIRAÇU;45;212880;212-215
CONTORNO DE IBIRAÇU;46;212900;212-215
CONTORNO DE IBIRAÇU;47;212920;212-215
CONTORNO DE IBIRAÇU;48;212940;212-215
CONTORNO DE IBIRAÇU;49;212960;212-215
CONTORNO DE IBIRAÇU;50;212980;212-215
CONTORNO DE IBIRAÇU;51;213000;212-215
CONTORNO DE IBIRAÇU;52;213020;212-215
CONTORNO DE IBIRAÇU;53;213040;212-215
CONTORNO DE IBIRAÇU;54;213060;212-215
CONTORNO DE IBIRAÇU;55;213080;212-215
CONTORNO DE IBIRAÇU;56;213100;212-215
CONTORNO DE IBIRAÇU;57;213120;212-215
CONTORNO DE IBIRAÇU;58;213140;212-215
CONTORNO DE IBIRAÇU;59;213160;212-215
CONTORNO DE IBIRAÇU;60;213180;212-215
CONTORNO DE IBIRAÇU;61;213200;OAE EST.61
CONTORNO DE IBIRAÇU;62;213220;212-215
CONTORNO DE IBIRAÇU;63;213240;212-215
CONTORNO DE IBIRAÇU;64;213260;212-215
CONTORNO DE IBIRAÇU;65;213280;212-215
CONTORNO DE IBIRAÇU;66;213300;212-215
CONTORNO DE IBIRAÇU;67;213320;212-215
CONTORNO DE IBIRAÇU;68;213340;212-215
CONTORNO DE IBIRAÇU;69;213360;212-215
CONTORNO DE IBIRAÇU;70;213380;212-215
CONTORNO DE IBIRAÇU;71;213400;212-215
CONTORNO DE IBIRAÇU;72;213420;212-215
CONTORNO DE IBIRAÇU;73;213440;212-215
CONTORNO DE IBIRAÇU;74;213460;212-215
CONTORNO DE IBIRAÇU;75;213480;212-215
CONTORNO DE IBIRAÇU;76;213500;212-215
CONTORNO DE IBIRAÇU;77;213520;212-215
CONTORNO DE IBIRAÇU;78;213540;212-215
CONTORNO DE IBIRAÇU;79;213560;212-215
CONTORNO DE IBIRAÇU;80;213580;212-215
CONTORNO DE IBIRAÇU;81;213600;212-215
CONTORNO DE IBIRAÇU;82;213620;212-215
CONTORNO DE IBIRAÇU;83;213640;212-215
CONTORNO DE IBIRAÇU;84;213660;212-215
CONTORNO DE IBIRAÇU;85;213680;212-215
CONTORNO DE IBIRAÇU;86;213700;212-215
CONTORNO DE IBIRAÇU;87;213720;212-215
CONTORNO DE IBIRAÇU;88;213740;212-215
CONTORNO DE IBIRAÇU;89;213760;212-215
CONTORNO DE IBIRAÇU;90;213780;212-215
CONTORNO DE IBIRAÇU;91;213800;212-215
CONTORNO DE IBIRAÇU;92;213820;212-215
CONTORNO DE IBIRAÇU;93;213840;212-215
CONTORNO DE IBIRAÇU;94;213860;212-215
CONTORNO DE IBIRAÇU;95;213880;212-215
CONTORNO DE IBIRAÇU;96;213900;212-215
CONTORNO DE IBIRAÇU;97;213920;212-215
CONTORNO DE IBIRAÇU;98;213940;212-215
CONTORNO DE IBIRAÇU;99;213960;212-215
CONTORNO DE IBIRAÇU;100;213980;212-215
CONTORNO DE IBIRAÇU;101;214000;212-215
CONTORNO DE IBIRAÇU;102;214020;212-215
CONTORNO DE IBIRAÇU;103;214040;212-215
CONTORNO DE IBIRAÇU;104;214060;212-215
CONTORNO DE IBIRAÇU;105;214080;212-215
CONTORNO DE IBIRAÇU;106;214100;212-215
CONTORNO DE IBIRAÇU;107;214120;212-215
CONTORNO DE IBIRAÇU;108;214140;212-215
CONTORNO DE IBIRAÇU;109;214160;212-215
CONTORNO DE IBIRAÇU;110;214180;212-215
CONTORNO DE IBIRAÇU;111;214200;212-215
CONTORNO DE IBIRAÇU;112;214220;212-215
CONTORNO DE IBIRAÇU;113;214240;212-215
CONTORNO DE IBIRAÇU;114;214260;212-215
CONTORNO DE IBIRAÇU;115;214280;212-215
CONTORNO DE IBIRAÇU;116;214300;212-215
CONTORNO DE IBIRAÇU;117;214320;212-215
CONTORNO DE IBIRAÇU;118;214340;212-215
CONTORNO DE IBIRAÇU;119;214360;212-215
CONTORNO DE IBIRAÇU;120;214380;212-215
CONTORNO DE IBIRAÇU;121;214400;212-215
CONTORNO DE IBIRAÇU;122;214420;212-215
CONTORNO DE IBIRAÇU;123;214440;212-215
CONTORNO DE IBIRAÇU;124;214460;212-215
CONTORNO DE IBIRAÇU;125;214480;212-215
CONTORNO DE IBIRAÇU;126;214500;212-215
CONTORNO DE IBIRAÇU;127;214520;212-215
CONTORNO DE IBIRAÇU;128;214540;212-215
CONTORNO DE IBIRAÇU;129;214560;212-215
CONTORNO DE IBIRAÇU;130;214580;212-215
CONTORNO DE IBIRAÇU;131;214600;212-215
CONTORNO DE IBIRAÇU;132;214620;212-215
CONTORNO DE IBIRAÇU;133;214640;212-215
CONTORNO DE IBIRAÇU;134;214660;212-215
CONTORNO DE IBIRAÇU;135;214680;212-215
CONTORNO DE IBIRAÇU;136;214700;212-215
CONTORNO DE IBIRAÇU;137;214720;212-215
CONTORNO DE IBIRAÇU;138;214740;212-215
CONTORNO DE IBIRAÇU;139;214760;212-215
CONTORNO DE IBIRAÇU;140;214780;OAE EST.140
CONTORNO DE IBIRAÇU;141;214800;212-215
CONTORNO DE IBIRAÇU;142;214820;212-215
CONTORNO DE IBIRAÇU;143;214840;212-215
CONTORNO DE IBIRAÇU;144;214860;212-215
CONTORNO DE IBIRAÇU;145;214880;212-215
CONTORNO DE IBIRAÇU;146;214900;212-215
CONTORNO DE IBIRAÇU;147;214920;212-215
CONTORNO DE IBIRAÇU;148;214940;212-215
CONTORNO DE IBIRAÇU;149;214960;212-215
CONTORNO DE IBIRAÇU;150;214980;212-215
CONTORNO DE IBIRAÇU;151;215000;212-215
CONTORNO DE IBIRAÇU;152;215020;212-215
CONTORNO DE IBIRAÇU;153;215040;212-215
CONTORNO DE IBIRAÇU;154;215060;212-215
CONTORNO DE IBIRAÇU;155;215080;212-215
CONTORNO DE FUNDÃO;0;227000;227-232
CONTORNO DE FUNDÃO;1;227020;227-232
CONTORNO DE FUNDÃO;2;227309;227-232
CONTORNO DE FUNDÃO;3;227329;227-232
CONTORNO DE FUNDÃO;4;227349;227-232
CONTORNO DE FUNDÃO;5;227369;227-232
CONTORNO DE FUNDÃO;6;227389;227-232
CONTORNO DE FUNDÃO;7;227409;227-232
CONTORNO DE FUNDÃO;8;227429;227-232
CONTORNO DE FUNDÃO;9;227449;227-232
CONTORNO DE FUNDÃO;10;227469;227-232
CONTORNO DE FUNDÃO;11;227489;227-232
CONTORNO DE FUNDÃO;12;227509;227-232
CONTORNO DE FUNDÃO;13;227529;227-232
CONTORNO DE FUNDÃO;14;227549;227-232
CONTORNO DE FUNDÃO;15;227569;227-232
CONTORNO DE FUNDÃO;16;227589;227-232
CONTORNO DE FUNDÃO;17;227609;227-232
CONTORNO DE FUNDÃO;18;227629;227-232
CONTORNO DE FUNDÃO;19;227649;227-232
CONTORNO DE FUNDÃO;20;227669;227-232
CONTORNO DE FUNDÃO;21;227689;227-232
CONTORNO DE FUNDÃO;22;227709;227-232
CONTORNO DE FUNDÃO;23;227729;227-232
CONTORNO DE FUNDÃO;24;227749;227-232
CONTORNO DE FUNDÃO;25;227769;227-232
CONTORNO DE FUNDÃO;26;227789;227-232
CONTORNO DE FUNDÃO;27;227809;227-232
CONTORNO DE FUNDÃO;28;227829;OAE EST.28
CONTORNO DE FUNDÃO;29;227849;227-232
CONTORNO DE FUNDÃO;30;227869;227-232
CONTORNO DE FUNDÃO;31;227889;227-232
CONTORNO DE FUNDÃO;32;227909;227-232
CONTORNO DE FUNDÃO;33;227929;227-232
CONTORNO DE FUNDÃO;34;227949;227-232
CONTORNO DE FUNDÃO;35;227969;227-232
CONTORNO DE FUNDÃO;36;227989;227-232
CONTORNO DE FUNDÃO;37;228009;227-232
CONTORNO DE FUNDÃO;38;228029;227-232
CONTORNO DE FUNDÃO;39;228049;227-232
CONTORNO DE FUNDÃO;40;228069;227-232
CONTORNO DE FUNDÃO;41;228089;227-232
CONTORNO DE FUNDÃO;42;228109;227-232
CONTORNO DE FUNDÃO;43;228129;227-232
CONTORNO DE FUNDÃO;44;228149;227-232
CONTORNO DE FUNDÃO;45;228169;227-232
CONTORNO DE FUNDÃO;46;228189;227-232
CONTORNO DE FUNDÃO;47;228209;227-232
CONTORNO DE FUNDÃO;48;228229;227-232
CONTORNO DE FUNDÃO;49;228249;227-232
CONTORNO DE FUNDÃO;50;228269;227-232
CONTORNO DE FUNDÃO;51;228289;227-232
CONTORNO DE FUNDÃO;52;228309;227-232
CONTORNO DE FUNDÃO;53;228329;227-232
CONTORNO DE FUNDÃO;54;228349;227-232
CONTORNO DE FUNDÃO;55;228369;227-232
CONTORNO DE FUNDÃO;56;228389;227-232
CONTORNO DE FUNDÃO;57;228409;227-232
CONTORNO DE FUNDÃO;58;228429;227-232
CONTORNO DE FUNDÃO;59;228449;227-232
CONTORNO DE FUNDÃO;60;228469;227-232
CONTORNO DE FUNDÃO;61;228489;227-232
CONTORNO DE FUNDÃO;62;228509;227-232
CONTORNO DE FUNDÃO;63;228529;227-232
CONTORNO DE FUNDÃO;64;228549;227-232
CONTORNO DE FUNDÃO;65;228569;227-232
CONTORNO DE FUNDÃO;66;228589;227-232
CONTORNO DE FUNDÃO;67;228609;227-232
CONTORNO DE FUNDÃO;68;228629;227-232
CONTORNO DE FUNDÃO;69;228649;227-232
CONTORNO DE FUNDÃO;70;228669;227-232
CONTORNO DE FUNDÃO;71;228689;227-232
CONTORNO DE FUNDÃO;72;228709;227-232
CONTORNO DE FUNDÃO;73;228729;OAE EST.73
CONTORNO DE FUNDÃO;74;228749;227-232
CONTORNO DE FUNDÃO;75;228769;227-232
CONTORNO DE FUNDÃO;76;228789;227-232
CONTORNO DE FUNDÃO;77;228809;227-232
CONTORNO DE FUNDÃO;78;228829;227-232
CONTORNO DE FUNDÃO;79;228849;227-232
CONTORNO DE FUNDÃO;80;228869;227-232
CONTORNO DE FUNDÃO;81;228889;227-232
CONTORNO DE FUNDÃO;82;228909;227-232
CONTORNO DE FUNDÃO;83;228929;227-232
CONTORNO DE FUNDÃO;84;228949;227-232
CONTORNO DE FUNDÃO;85;228969;227-232
CONTORNO DE FUNDÃO;86;228989;227-232
CONTORNO DE FUNDÃO;87;229009;227-232
CONTORNO DE FUNDÃO;88;229029;227-232
CONTORNO DE FUNDÃO;89;229049;227-232
CONTORNO DE FUNDÃO;90;229069;227-232
CONTORNO DE FUNDÃO;91;229089;227-232
CONTORNO DE FUNDÃO;92;229109;227-232
CONTORNO DE FUNDÃO;93;229129;227-232
CONTORNO DE FUNDÃO;94;229149;227-232
CONTORNO DE FUNDÃO;95;229169;OAE EST.95
CONTORNO DE FUNDÃO;96;229189;227-232
CONTORNO DE FUNDÃO;97;229209;227-232
CONTORNO DE FUNDÃO;98;229229;227-232
CONTORNO DE FUNDÃO;99;229249;227-232
CONTORNO DE FUNDÃO;100;229269;227-232
CONTORNO DE FUNDÃO;101;229289;227-232
CONTORNO DE FUNDÃO;102;229309;227-232
CONTORNO DE FUNDÃO;103;229329;227-232
CONTORNO DE FUNDÃO;104;229349;227-232
CONTORNO DE FUNDÃO;105;229369;227-232
CONTORNO DE FUNDÃO;106;229389;227-232
CONTORNO DE FUNDÃO;107;229409;227-232
CONTORNO DE FUNDÃO;108;229429;227-232
CONTORNO DE FUNDÃO;109;229449;227-232
CONTORNO DE FUNDÃO;110;229469;227-232
CONTORNO DE FUNDÃO;111;229489;227-232
CONTORNO DE FUNDÃO;112;229509;227-232
CONTORNO DE FUNDÃO;113;229529;227-232
CONTORNO DE FUNDÃO;114;229549;227-232
CONTORNO DE FUNDÃO;115;229569;227-232
CONTORNO DE FUNDÃO;116;229589;227-232
CONTORNO DE FUNDÃO;117;229609;227-232
CONTORNO DE FUNDÃO;118;229629;227-232
CONTORNO DE FUNDÃO;119;229649;227-232
CONTORNO DE FUNDÃO;120;229669;227-232
CONTORNO DE FUNDÃO;121;229689;227-232
CONTORNO DE FUNDÃO;122;229709;227-232
CONTORNO DE FUNDÃO;123;229729;227-232
CONTORNO DE FUNDÃO;124;229749;227-232
CONTORNO DE FUNDÃO;125;229769;227-232
CONTORNO DE FUNDÃO;126;229789;227-232
CONTORNO DE FUNDÃO;127;229809;227-232
CONTORNO DE FUNDÃO;128;229829;227-232
CONTORNO DE FUNDÃO;129;229849;227-232
CONTORNO DE FUNDÃO;130;229869;227-232
CONTORNO DE FUNDÃO;131;229889;227-232
CONTORNO DE FUNDÃO;132;229909;227-232
CONTORNO DE FUNDÃO;133;229929;227-232
CONTORNO DE FUNDÃO;134;229949;227-232
CONTORNO DE FUNDÃO;135;229969;227-232
CONTORNO DE FUNDÃO;136;229989;227-232
CONTORNO DE FUNDÃO;137;230009;227-232
CONTORNO DE FUNDÃO;138;230029;227-232
CONTORNO DE FUNDÃO;139;230049;227-232
CONTORNO DE FUNDÃO;140;230069;227-232
CONTORNO DE FUNDÃO;141;230089;227-232
CONTORNO DE FUNDÃO;142;230109;227-232
CONTORNO DE FUNDÃO;143;230129;227-232
CONTORNO DE FUNDÃO;144;230149;227-232
CONTORNO DE FUNDÃO;145;230169;227-232
CONTORNO DE FUNDÃO;146;230189;227-232
CONTORNO DE FUNDÃO;147;230209;227-232
CONTORNO DE FUNDÃO;148;230229;227-232
CONTORNO DE FUNDÃO;149;230249;227-232
CONTORNO DE FUNDÃO;150;230269;227-232
CONTORNO DE FUNDÃO;151;230289;227-232
CONTORNO DE FUNDÃO;152;230309;227-232
CONTORNO DE FUNDÃO;153;230329;227-232
CONTORNO DE FUNDÃO;154;230349;227-232
CONTORNO DE FUNDÃO;155;230369;227-232
CONTORNO DE FUNDÃO;156;230389;227-232
CONTORNO DE FUNDÃO;157;230409;227-232
CONTORNO DE FUNDÃO;158;230429;227-232
CONTORNO DE FUNDÃO;159;230449;227-232
CONTORNO DE FUNDÃO;160;230469;227-232
CONTORNO DE FUNDÃO;161;230489;227-232
CONTORNO DE FUNDÃO;162;230509;227-232
CONTORNO DE FUNDÃO;163;230529;227-232
CONTORNO DE FUNDÃO;164;230549;227-232
CONTORNO DE FUNDÃO;165;230569;227-232
CONTORNO DE FUNDÃO;166;230589;227-232
CONTORNO DE FUNDÃO;167;230609;227-232
CONTORNO DE FUNDÃO;168;230629;227-232
CONTORNO DE FUNDÃO;169;230649;227-232
CONTORNO DE FUNDÃO;170;230669;227-232
CONTORNO DE FUNDÃO;171;230689;227-232
CONTORNO DE FUNDÃO;172;230709;227-232
CONTORNO DE FUNDÃO;173;230729;227-232
CONTORNO DE FUNDÃO;174;230749;227-232
CONTORNO DE FUNDÃO;175;230769;227-232
CONTORNO DE FUNDÃO;176;230789;227-232
CONTORNO DE FUNDÃO;177;230809;227-232
CONTORNO DE FUNDÃO;178;230829;227-232
CONTORNO DE FUNDÃO;179;230849;227-232
CONTORNO DE FUNDÃO;180;230869;227-232
CONTORNO DE FUNDÃO;181;230889;227-232
CONTORNO DE FUNDÃO;182;230909;227-232
CONTORNO DE FUNDÃO;183;230929;227-232
CONTORNO DE FUNDÃO;184;230949;227-232
CONTORNO DE FUNDÃO;185;230969;227-232
CONTORNO DE FUNDÃO;186;230989;227-232
CONTORNO DE FUNDÃO;187;231009;227-232
CONTORNO DE FUNDÃO;188;231029;227-232
CONTORNO DE FUNDÃO;189;231049;227-232
CONTORNO DE FUNDÃO;190;231069;227-232
CONTORNO DE FUNDÃO;191;231089;227-232
CONTORNO DE FUNDÃO;192;231109;227-232
CONTORNO DE FUNDÃO;193;231129;227-232
CONTORNO DE FUNDÃO;194;231149;227-232
CONTORNO DE FUNDÃO;195;231169;227-232
CONTORNO DE FUNDÃO;196;231189;227-232
CONTORNO DE FUNDÃO;197;231209;227-232
CONTORNO DE FUNDÃO;198;231229;227-232
CONTORNO DE FUNDÃO;199;231249;227-232
CONTORNO DE FUNDÃO;200;231269;227-232
CONTORNO DE FUNDÃO;201;231289;227-232
CONTORNO DE FUNDÃO;202;231309;227-232
CONTORNO DE FUNDÃO;203;231329;227-232
CONTORNO DE FUNDÃO;204;231349;227-232
CONTORNO DE FUNDÃO;205;231369;227-232
CONTORNO DE FUNDÃO;206;231389;227-232
CONTORNO DE FUNDÃO;207;231409;227-232
CONTORNO DE FUNDÃO;208;231429;227-232
CONTORNO DE FUNDÃO;209;231449;227-232
CONTORNO DE FUNDÃO;210;231469;227-232
CONTORNO DE FUNDÃO;211;231489;227-232
CONTORNO DE FUNDÃO;212;231509;OAE EST.212
CONTORNO DE FUNDÃO;213;231529;227-232
CONTORNO DE FUNDÃO;214;231549;227-232
CONTORNO DE FUNDÃO;215;231569;227-232
CONTORNO DE FUNDÃO;216;231589;227-232
CONTORNO DE FUNDÃO;217;231609;227-232
CONTORNO DE FUNDÃO;218;231629;227-232
CONTORNO DE FUNDÃO;219;231649;227-232
CONTORNO DE FUNDÃO;220;231669;227-232
CONTORNO DE FUNDÃO;221;231689;227-232
CONTORNO DE FUNDÃO;222;231709;227-232
CONTORNO DE FUNDÃO;223;231729;227-232
CONTORNO DE FUNDÃO;224;231749;227-232
CONTORNO DE FUNDÃO;225;231769;227-232
CONTORNO DE FUNDÃO;226;231789;227-232
CONTORNO DE FUNDÃO;227;231809;227-232
CONTORNO DE FUNDÃO;228;231829;227-232
CONTORNO DE FUNDÃO;229;231849;227-232
CONTORNO DE FUNDÃO;230;231869;227-232
CONTORNO DE FUNDÃO;231;231889;227-232
CONTORNO DE FUNDÃO;232;231909;227-232
CONTORNO DE FUNDÃO;233;231929;227-232
CONTORNO DE FUNDÃO;234;231949;227-232
CONTORNO DE FUNDÃO;235;231969;227-232
CONTORNO DE FUNDÃO;236;231989;227-232
CONTORNO DE FUNDÃO;237;232009;227-232
CONTORNO DE FUNDÃO;238;232029;227-232
CONTORNO DE FUNDÃO;239;232049;227-232
CONTORNO DE FUNDÃO;240;232069;227-232
CONTORNO DE FUNDÃO;241;232089;227-232
CONTORNO DE FUNDÃO;242;232109;227-232
CONTORNO DE FUNDÃO;243;232129;227-232
CONTORNO DE FUNDÃO;244;232149;227-232
CONTORNO DE FUNDÃO;245;232169;227-232
CONTORNO DE FUNDÃO;246;232189;227-232
CONTORNO DE FUNDÃO;247;232209;227-232
CONTORNO DE FUNDÃO;248;232229;227-232
CONTORNO DE FUNDÃO;249;232249;227-232
CONTORNO DE FUNDÃO;250;232269;227-232
CONTORNO DE FUNDÃO;251;232289;227-232
CONTORNO DE FUNDÃO;252;232309;227-232
CONTORNO DE FUNDÃO;253;232329;227-232
CONTORNO DE FUNDÃO;254;232349;227-232
CONTORNO DE FUNDÃO;255;232369;227-232
CONTORNO DE FUNDÃO;256;232389;227-232
CONTORNO DE FUNDÃO;257;232409;227-232
CONTORNO DE FUNDÃO;258;232429;227-232
CONTORNO DE FUNDÃO;259;232449;227-232
CONTORNO DE FUNDÃO;260;232469;227-232
CONTORNO DE FUNDÃO;261;232489;227-232
CONTORNO DE FUNDÃO;262;232509;227-232
CONTORNO DE FUNDÃO;263;232529;227-232
CONTORNO DE FUNDÃO;264;232549;227-232
CONTORNO DE FUNDÃO;265;232569;227-232
CONTORNO DE FUNDÃO;266;232589;227-232
CONTORNO DE FUNDÃO;267;232609;227-232
CONTORNO DE FUNDÃO;268;232629;227-232
CONTORNO DE FUNDÃO;269;232649;227-232
CONTORNO DE FUNDÃO;270;232669;227-232
CONTORNO DE FUNDÃO;271;232689;227-232
CONTORNO DE FUNDÃO;272;232709;227-232
CONTORNO DE FUNDÃO;273;232729;227-232
CONTORNO DE FUNDÃO;274;232749;227-232
CONTORNO DE FUNDÃO;275;232769;227-232
CONTORNO DE FUNDÃO;276;232789;227-232
CONTORNO DE FUNDÃO;277;232809;227-232
CONTORNO DE FUNDÃO;278;232829;227-232
CONTORNO DE FUNDÃO;279;232849;227-232
CONTORNO DE FUNDÃO;280;232869;227-232
CONTORNO DE FUNDÃO;281;232889;227-232
CONTORNO DE FUNDÃO;282;232909;227-232
CONTORNO DE FUNDÃO;283;232929;227-232
CONTORNO DE FUNDÃO;284;232949;227-232
CONTORNO DE FUNDÃO;285;232969;227-232
CONTORNO DE FUNDÃO;286;232989;227-232
CONTORNO DE FUNDÃO;287;233009;227-232
CONTORNO DE FUNDÃO;288;233029;227-232
CONTORNO DE FUNDÃO;289;233049;227-232
CONTORNO DE FUNDÃO;290;233069;227-232
CONTORNO DE FUNDÃO;291;233089;227-232
CONTORNO DE FUNDÃO;292;233109;227-232
CONTORNO DE FUNDÃO;293;233129;227-232
CONTORNO DE FUNDÃO;294;233149;OAE EST.294
CONTORNO DE FUNDÃO;295;233169;227-232
CONTORNO DE FUNDÃO;296;233189;227-232
CONTORNO DE FUNDÃO;297;233209;227-232
CONTORNO DE FUNDÃO;298;233229;227-232
CONTORNO DE FUNDÃO;299;233249;227-232
CONTORNO DE FUNDÃO;300;233269;227-232
CONTORNO DE FUNDÃO;301;233289;OAE EST.301
CONTORNO DE FUNDÃO;302;233309;227-232
CONTORNO DE FUNDÃO;303;233329;227-232
CONTORNO DE FUNDÃO;304;233349;227-232
CONTORNO DE FUNDÃO;305;233369;227-232
CONTORNO DE FUNDÃO;306;233389;227-232
CONTORNO DE FUNDÃO;307;233409;227-232
CONTORNO DE FUNDÃO;308;233429;227-232
CONTORNO DE FUNDÃO;309;233449;227-232
CONTORNO DE FUNDÃO;310;233469;227-232
CONTORNO DE FUNDÃO;311;233489;227-232
CONTORNO DE FUNDÃO;312;233509;227-232
CONTORNO DE FUNDÃO;313;233529;227-232
CONTORNO DE FUNDÃO;314;233549;227-232
CONTORNO DE FUNDÃO;315;233569;227-232
CONTORNO DE FUNDÃO;316;233589;227-232
CONTORNO DE FUNDÃO;317;233609;227-232
CONTORNO DE FUNDÃO;318;233629;227-232
CONTORNO DE FUNDÃO;319;233649;227-232
CONTORNO DE FUNDÃO;320;233669;227-232
CONTORNO DE FUNDÃO;321;233689;227-232
CONTORNO DE FUNDÃO;322;233709;227-232
CONTORNO DE FUNDÃO;323;233729;227-232
CONTORNO DE FUNDÃO;324;233749;227-232
CONTORNO DE FUNDÃO;325;233769;227-232
CONTORNO DE FUNDÃO;326;233789;227-232
CONTORNO DE FUNDÃO;327;233809;227-232
CONTORNO DE FUNDÃO;328;233829;227-232
CONTORNO DE FUNDÃO;329;233849;227-232
CONTORNO DE FUNDÃO;330;233869;227-232
CONTORNO DE FUNDÃO;331;233889;227-232
CONTORNO DE FUNDÃO;332;233909;227-232
CONTORNO DE FUNDÃO;333;233929;227-232
CONTORNO DE FUNDÃO;334;233949;227-232
CONTORNO DE FUNDÃO;335;233969;227-232
CONTORNO DE FUNDÃO;336;233989;227-232
CONTORNO DE FUNDÃO;337;234009;227-232
CONTORNO DE FUNDÃO;338;234029;227-232
CONTORNO DE FUNDÃO;339;234049;227-232
CONTORNO DE FUNDÃO;340;234069;227-232
CONTORNO DE FUNDÃO;341;234089;OAE EST.341
CONTORNO DE FUNDÃO;342;234109;227-232
CONTORNO DE FUNDÃO;343;234129;227-232
CONTORNO DE FUNDÃO;344;234149;227-232
CONTORNO DE FUNDÃO;345;234169;227-232
CONTORNO DE FUNDÃO;346;234189;227-232
CONTORNO DE FUNDÃO;347;234209;227-232
CONTORNO DE FUNDÃO;348;234229;227-232
CONTORNO DE FUNDÃO;349;234249;227-232
CONTORNO DE FUNDÃO;350;234269;227-232
CONTORNO DE FUNDÃO;351;234289;227-232
CONTORNO DE FUNDÃO;352;234309;227-232
CONTORNO DE FUNDÃO;353;234329;227-232
CONTORNO DE FUNDÃO;354;234349;227-232
CONTORNO DE FUNDÃO;355;234369;227-232
CONTORNO DE FUNDÃO;356;234389;227-232
CONTORNO DE FUNDÃO;357;234409;227-232
CONTORNO DE FUNDÃO;358;234429;227-232
CONTORNO DE FUNDÃO;359;234449;227-232
CONTORNO DE FUNDÃO;360;234469;227-232
PÁTIO DE VIGAS;0;;231
CANTEIRO INDUSTRIAL;0;;203
